/*
 Navicat Premium Dump SQL

 Source Server         : 智慧交通告警系统
 Source Server Type    : MySQL
 Source Server Version : 90001 (9.0.1)
 Source Host           : localhost:3306
 Source Schema         : smart--traffic

 Target Server Type    : MySQL
 Target Server Version : 90001 (9.0.1)
 File Encoding         : 65001

 Date: 27/12/2025 18:37:52
*/

SET NAMES utf8mb4;
SET FOREIGN_KEY_CHECKS = 0;

-- ----------------------------
-- Table structure for sys_role
-- ----------------------------
DROP TABLE IF EXISTS `sys_role`;
CREATE TABLE `sys_role`  (
  `role_id` bigint NOT NULL AUTO_INCREMENT COMMENT '角色ID',
  `role_name` varchar(50) CHARACTER SET utf8mb4 COLLATE utf8mb4_0900_ai_ci NOT NULL COMMENT '角色名称（管理员/交警/网格员）',
  `permission` varchar(500) CHARACTER SET utf8mb4 COLLATE utf8mb4_0900_ai_ci NULL DEFAULT NULL COMMENT '权限标识',
  `create_time` datetime NULL DEFAULT CURRENT_TIMESTAMP COMMENT '创建时间',
  PRIMARY KEY (`role_id`) USING BTREE
) ENGINE = InnoDB AUTO_INCREMENT = 4 CHARACTER SET = utf8mb4 COLLATE = utf8mb4_0900_ai_ci COMMENT = '角色表' ROW_FORMAT = Dynamic;

-- ----------------------------
-- Records of sys_role
-- ----------------------------
INSERT INTO `sys_role` VALUES (1, '管理员', 'all:read,all:write', '2025-12-27 17:05:00');
INSERT INTO `sys_role` VALUES (2, '交警支队', 'warning:read,warning:dispose,violation:read', '2025-12-27 17:05:00');
INSERT INTO `sys_role` VALUES (3, '网格员', 'warning:read(blue,yellow),violation:read', '2025-12-27 17:05:00');

-- ----------------------------
-- Table structure for sys_user
-- ----------------------------
DROP TABLE IF EXISTS `sys_user`;
CREATE TABLE `sys_user`  (
  `user_id` bigint NOT NULL AUTO_INCREMENT COMMENT '用户ID',
  `username` varchar(50) CHARACTER SET utf8mb4 COLLATE utf8mb4_0900_ai_ci NOT NULL COMMENT '用户名',
  `password` varchar(100) CHARACTER SET utf8mb4 COLLATE utf8mb4_0900_ai_ci NOT NULL COMMENT '密码（加密）',
  `real_name` varchar(50) CHARACTER SET utf8mb4 COLLATE utf8mb4_0900_ai_ci NOT NULL COMMENT '真实姓名',
  `phone` varchar(20) CHARACTER SET utf8mb4 COLLATE utf8mb4_0900_ai_ci NULL DEFAULT NULL COMMENT '手机号',
  `role_id` bigint NOT NULL COMMENT '角色ID',
  `dept_id` bigint NOT NULL COMMENT '部门ID（交警支队/中队）',
  `status` tinyint NULL DEFAULT 1 COMMENT '状态：1-正常 0-禁用',
  `create_time` datetime NULL DEFAULT CURRENT_TIMESTAMP COMMENT '创建时间',
  `role` varchar(255) CHARACTER SET utf8mb4 COLLATE utf8mb4_0900_ai_ci NULL DEFAULT NULL,
  PRIMARY KEY (`user_id`) USING BTREE,
  UNIQUE INDEX `username`(`username` ASC) USING BTREE
) ENGINE = InnoDB AUTO_INCREMENT = 4 CHARACTER SET = utf8mb4 COLLATE = utf8mb4_0900_ai_ci COMMENT = '系统用户表' ROW_FORMAT = Dynamic;

-- ----------------------------
-- Records of sys_user
-- ----------------------------
INSERT INTO `sys_user` VALUES (1, 'admin', '$2a$10$z6t4G5QZ6y7X8W9V0U1S2D3F4G5H6J7K8L9M0N1O2P3Q4R5S', '管理员', '13800138000', 1, 1, 1, '2025-12-27 17:05:00', NULL);
INSERT INTO `sys_user` VALUES (2, 'police1', '$2a$10$A1B2C3D4E5F6G7H8I9J0K1L2M3N4O5P6Q7R8S9T0U1V2W', '张交警', '13900139000', 2, 2, 1, '2025-12-27 17:05:00', NULL);
INSERT INTO `sys_user` VALUES (3, 'grid1', '$2a$10$X9Y8Z7W6V5U4T3S2R1Q0P1O2N3M4L5K6J7I8H9G0F1E2D', '李网格员', '13700137000', 3, 3, 1, '2025-12-27 17:05:00', NULL);

-- ----------------------------
-- Table structure for traffic_device
-- ----------------------------
DROP TABLE IF EXISTS `traffic_device`;
CREATE TABLE `traffic_device`  (
  `device_id` bigint NOT NULL AUTO_INCREMENT COMMENT '设备ID',
  `device_name` varchar(100) CHARACTER SET utf8mb4 COLLATE utf8mb4_0900_ai_ci NOT NULL COMMENT '设备名称',
  `device_type` enum('CAMERA','RADAR','WEATHER_STATION') CHARACTER SET utf8mb4 COLLATE utf8mb4_0900_ai_ci NOT NULL COMMENT '设备类型',
  `device_ip` varchar(50) CHARACTER SET utf8mb4 COLLATE utf8mb4_0900_ai_ci NOT NULL COMMENT '设备IP',
  `device_location` varchar(200) CHARACTER SET utf8mb4 COLLATE utf8mb4_0900_ai_ci NOT NULL COMMENT '安装位置（经纬度）',
  `road_id` bigint NOT NULL COMMENT '所属道路ID',
  `status` tinyint NULL DEFAULT 1 COMMENT '状态：1-在线 0-离线',
  `create_time` datetime NULL DEFAULT CURRENT_TIMESTAMP COMMENT '创建时间',
  `update_time` datetime NULL DEFAULT CURRENT_TIMESTAMP ON UPDATE CURRENT_TIMESTAMP COMMENT '更新时间',
  PRIMARY KEY (`device_id`) USING BTREE
) ENGINE = InnoDB AUTO_INCREMENT = 4 CHARACTER SET = utf8mb4 COLLATE = utf8mb4_0900_ai_ci COMMENT = '交通设备表' ROW_FORMAT = Dynamic;

-- ----------------------------
-- Records of traffic_device
-- ----------------------------
INSERT INTO `traffic_device` VALUES (1, '中原西路-摄像头1', 'CAMERA', '192.168.1.101', '113.6554,34.7679', 1, 1, '2025-12-27 17:05:00', '2025-12-27 17:05:00');
INSERT INTO `traffic_device` VALUES (2, '连霍高速-雷达1', 'RADAR', '192.168.1.201', '113.6254,34.8879', 2, 1, '2025-12-27 17:05:00', '2025-12-27 17:05:00');
INSERT INTO `traffic_device` VALUES (3, '农业路-气象站', 'WEATHER_STATION', '192.168.1.301', '113.7054,34.8079', 3, 1, '2025-12-27 17:05:00', '2025-12-27 17:05:00');

-- ----------------------------
-- Table structure for traffic_flow
-- ----------------------------
DROP TABLE IF EXISTS `traffic_flow`;
CREATE TABLE `traffic_flow`  (
  `flow_id` bigint NOT NULL AUTO_INCREMENT COMMENT '流量ID',
  `road_id` bigint NOT NULL COMMENT '道路ID',
  `device_id` bigint NOT NULL COMMENT '采集设备ID',
  `car_count` int NOT NULL COMMENT '车辆数量',
  `average_speed` decimal(5, 1) NOT NULL COMMENT '平均车速(km/h)',
  `collect_time` datetime NOT NULL COMMENT '采集时间',
  `status` enum('NORMAL','CONGESTED','OVERLOAD') CHARACTER SET utf8mb4 COLLATE utf8mb4_0900_ai_ci NULL DEFAULT NULL COMMENT '交通状态',
  PRIMARY KEY (`flow_id`) USING BTREE,
  INDEX `road_id`(`road_id` ASC) USING BTREE,
  INDEX `device_id`(`device_id` ASC) USING BTREE,
  CONSTRAINT `traffic_flow_ibfk_1` FOREIGN KEY (`road_id`) REFERENCES `traffic_road` (`road_id`) ON DELETE RESTRICT ON UPDATE RESTRICT,
  CONSTRAINT `traffic_flow_ibfk_2` FOREIGN KEY (`device_id`) REFERENCES `traffic_device` (`device_id`) ON DELETE RESTRICT ON UPDATE RESTRICT
) ENGINE = InnoDB CHARACTER SET = utf8mb4 COLLATE = utf8mb4_0900_ai_ci COMMENT = '交通流量表' ROW_FORMAT = Dynamic;

-- ----------------------------
-- Records of traffic_flow
-- ----------------------------

-- ----------------------------
-- Table structure for traffic_road
-- ----------------------------
DROP TABLE IF EXISTS `traffic_road`;
CREATE TABLE `traffic_road`  (
  `road_id` bigint NOT NULL AUTO_INCREMENT COMMENT '道路ID',
  `road_name` varchar(100) CHARACTER SET utf8mb4 COLLATE utf8mb4_0900_ai_ci NOT NULL COMMENT '道路名称',
  `road_type` enum('MAIN_ROAD','HIGHWAY','BRIDGE','TUNNEL') CHARACTER SET utf8mb4 COLLATE utf8mb4_0900_ai_ci NOT NULL COMMENT '道路类型',
  `start_point` varchar(200) CHARACTER SET utf8mb4 COLLATE utf8mb4_0900_ai_ci NOT NULL COMMENT '起点',
  `end_point` varchar(200) CHARACTER SET utf8mb4 COLLATE utf8mb4_0900_ai_ci NOT NULL COMMENT '终点',
  `lane_count` int NOT NULL COMMENT '车道数',
  `speed_limit` int NOT NULL COMMENT '限速(km/h)',
  `create_time` datetime NULL DEFAULT CURRENT_TIMESTAMP COMMENT '创建时间',
  PRIMARY KEY (`road_id`) USING BTREE
) ENGINE = InnoDB AUTO_INCREMENT = 4 CHARACTER SET = utf8mb4 COLLATE = utf8mb4_0900_ai_ci COMMENT = '道路信息表' ROW_FORMAT = Dynamic;

-- ----------------------------
-- Records of traffic_road
-- ----------------------------
INSERT INTO `traffic_road` VALUES (1, '中原西路', 'MAIN_ROAD', '113.6254,34.7579', '113.7254,34.7879', 6, 60, '2025-12-27 17:05:00');
INSERT INTO `traffic_road` VALUES (2, '连霍高速', 'HIGHWAY', '113.5254,34.8579', '113.9254,34.9579', 8, 120, '2025-12-27 17:05:00');
INSERT INTO `traffic_road` VALUES (3, '农业路大桥', 'BRIDGE', '113.6854,34.7979', '113.7554,34.8279', 4, 80, '2025-12-27 17:05:00');

-- ----------------------------
-- Table structure for traffic_violation
-- ----------------------------
DROP TABLE IF EXISTS `traffic_violation`;
CREATE TABLE `traffic_violation`  (
  `violation_id` bigint NOT NULL AUTO_INCREMENT COMMENT '违章ID',
  `plate_number` varchar(20) CHARACTER SET utf8mb4 COLLATE utf8mb4_0900_ai_ci NOT NULL COMMENT '车牌号（加密存储）',
  `violation_type` varchar(255) CHARACTER SET utf8mb4 COLLATE utf8mb4_0900_ai_ci NOT NULL COMMENT '违章类型',
  `road_id` bigint NOT NULL COMMENT '违章道路ID',
  `device_id` bigint NOT NULL COMMENT '抓拍设备ID',
  `violation_time` datetime NOT NULL COMMENT '违章时间',
  `violation_location` varchar(200) CHARACTER SET utf8mb4 COLLATE utf8mb4_0900_ai_ci NOT NULL COMMENT '违章位置',
  `violation_img` varchar(255) CHARACTER SET utf8mb4 COLLATE utf8mb4_0900_ai_ci NULL DEFAULT NULL COMMENT '违章图片URL',
  `warning_level` enum('BLUE','YELLOW','ORANGE','RED') CHARACTER SET utf8mb4 COLLATE utf8mb4_0900_ai_ci NOT NULL COMMENT '预警等级',
  `dispose_status` tinyint NULL DEFAULT 0 COMMENT '处置状态：0-未处置 1-已处置',
  `dispose_time` datetime NULL DEFAULT NULL COMMENT '处置时间',
  `dispose_user` bigint NULL DEFAULT NULL COMMENT '处置人员ID',
  `create_time` datetime NULL DEFAULT CURRENT_TIMESTAMP COMMENT '创建时间',
  `fine_amount` double NULL DEFAULT NULL,
  `points_deducted` int NULL DEFAULT NULL,
  PRIMARY KEY (`violation_id`) USING BTREE,
  INDEX `road_id`(`road_id` ASC) USING BTREE,
  INDEX `device_id`(`device_id` ASC) USING BTREE,
  CONSTRAINT `traffic_violation_ibfk_1` FOREIGN KEY (`road_id`) REFERENCES `traffic_road` (`road_id`) ON DELETE RESTRICT ON UPDATE RESTRICT,
  CONSTRAINT `traffic_violation_ibfk_2` FOREIGN KEY (`device_id`) REFERENCES `traffic_device` (`device_id`) ON DELETE RESTRICT ON UPDATE RESTRICT
) ENGINE = InnoDB CHARACTER SET = utf8mb4 COLLATE = utf8mb4_0900_ai_ci COMMENT = '交通违章记录表' ROW_FORMAT = Dynamic;

-- ----------------------------
-- Records of traffic_violation (sample data)
-- ----------------------------
INSERT INTO `traffic_violation` (plate_number, violation_type, road_id, device_id, violation_time, violation_location, violation_img, warning_level, dispose_status, dispose_time, dispose_user, create_time, fine_amount, points_deducted) VALUES
('京A12345','超速行驶',1,1,'2025-12-01 08:15:00','113.6260,34.7580',NULL,'BLUE',0,NULL,NULL,'2025-12-01 08:20:00',150.00,3),
('沪B54321','闯红灯',1,1,'2025-12-02 09:30:00','113.6270,34.7590',NULL,'RED',0,NULL,NULL,'2025-12-02 09:35:00',300.00,6),
('粤C67890','违法停车',2,2,'2025-11-25 14:05:00','113.6265,34.7600',NULL,'YELLOW',0,NULL,NULL,'2025-11-25 14:10:00',50.00,0),
('浙D23456','未系安全带',3,3,'2025-10-12 11:20:00','113.7054,34.8079',NULL,'BLUE',0,NULL,NULL,'2025-10-12 11:25:00',100.00,2),
('苏E98765','酒驾',2,2,'2025-09-03 23:45:00','113.5254,34.8579',NULL,'ORANGE',0,NULL,NULL,'2025-09-03 23:50:00',1200.00,12),
('鲁F11111','无证驾驶',1,1,'2025-08-15 07:10:00','113.6554,34.7679',NULL,'ORANGE',0,NULL,NULL,'2025-08-15 07:15:00',800.00,12),
('晋G22222','逆行',3,3,'2025-07-21 16:40:00','113.7254,34.7879',NULL,'YELLOW',0,NULL,NULL,'2025-07-21 16:45:00',200.00,3),
('豫H33333','违法变道',2,2,'2025-06-11 12:00:00','113.9254,34.9579',NULL,'BLUE',0,NULL,NULL,'2025-06-11 12:05:00',100.00,2),
('川J44444','占用应急车道',1,1,'2025-05-05 18:30:00','113.6854,34.7979',NULL,'ORANGE',0,NULL,NULL,'2025-05-05 18:35:00',500.00,6),
('鄂K55555','其他',3,3,'2025-04-20 10:10:00','113.7554,34.8279',NULL,'BLUE',0,NULL,NULL,'2025-04-20 10:15:00',80.00,1);

-- Generate additional diverse sample rows (patterned entries)
INSERT INTO `traffic_violation` (plate_number, violation_type, road_id, device_id, violation_time, violation_location, violation_img, warning_level, dispose_status, create_time, fine_amount, points_deducted) VALUES
('京L10001','超速行驶',1,1,'2025-12-10 08:05:00','113.6261,34.7581',NULL,'BLUE',0,'2025-12-10 08:10:00',130.00,3),
('沪M10002','闯红灯',1,1,'2025-12-09 09:15:00','113.6262,34.7582',NULL,'RED',0,'2025-12-09 09:20:00',350.00,6),
('粤N10003','违法停车',2,2,'2025-11-20 14:55:00','113.6263,34.7583',NULL,'YELLOW',0,'2025-11-20 15:00:00',60.00,0),
('浙P10004','未系安全带',3,3,'2025-11-18 11:25:00','113.6264,34.7584',NULL,'BLUE',0,'2025-11-18 11:30:00',90.00,1),
('苏Q10005','酒驾',2,2,'2025-10-30 23:05:00','113.6265,34.7585',NULL,'ORANGE',0,'2025-10-30 23:10:00',1500.00,12),
('鲁R10006','无证驾驶',1,1,'2025-10-12 07:32:00','113.6266,34.7586',NULL,'ORANGE',0,'2025-10-12 07:37:00',900.00,12),
('晋S10007','逆行',3,3,'2025-09-01 16:02:00','113.6267,34.7587',NULL,'YELLOW',0,'2025-09-01 16:07:00',220.00,4),
('豫T10008','违法变道',2,2,'2025-08-15 12:45:00','113.6268,34.7588',NULL,'BLUE',0,'2025-08-15 12:50:00',110.00,2),
('川U10009','占用应急车道',1,1,'2025-07-25 18:18:00','113.6269,34.7589',NULL,'ORANGE',0,'2025-07-25 18:23:00',510.00,7),
('鄂V10010','其他',3,3,'2025-06-05 10:40:00','113.6270,34.7590',NULL,'BLUE',0,'2025-06-05 10:45:00',85.00,1);

-- ----------------------------
-- Additional generated sample records (200 rows)
-- ----------------------------
INSERT INTO `traffic_violation` (plate_number, violation_type, road_id, device_id, violation_time, violation_location, violation_img, warning_level, dispose_status, create_time, fine_amount, points_deducted) VALUES
('京A00011','超速行驶',1,1,'2025-12-01 01:11:00','113.6261,34.7581',NULL,'BLUE',0,'2025-12-01 01:15:00',120.00,3),
('沪B00012','闯红灯',1,1,'2025-12-01 02:12:00','113.6262,34.7582',NULL,'RED',0,'2025-12-01 02:16:00',320.00,6),
('粤C00013','违法停车',2,2,'2025-12-01 03:13:00','113.6263,34.7583',NULL,'YELLOW',0,'2025-12-01 03:18:00',55.00,0),
('浙D00014','未系安全带',3,3,'2025-12-01 04:14:00','113.6264,34.7584',NULL,'BLUE',0,'2025-12-01 04:19:00',95.00,1),
('苏E00015','酒驾',2,2,'2025-12-01 05:15:00','113.6265,34.7585',NULL,'ORANGE',0,'2025-12-01 05:20:00',1400.00,12),
('鲁F00016','无证驾驶',1,1,'2025-12-01 06:16:00','113.6266,34.7586',NULL,'ORANGE',0,'2025-12-01 06:21:00',820.00,12),
('晋G00017','逆行',3,3,'2025-12-01 07:17:00','113.6267,34.7587',NULL,'YELLOW',0,'2025-12-01 07:22:00',210.00,4),
('豫H00018','违法变道',2,2,'2025-12-01 08:18:00','113.6268,34.7588',NULL,'BLUE',0,'2025-12-01 08:23:00',105.00,2),
('川J00019','占用应急车道',1,1,'2025-12-01 09:19:00','113.6269,34.7589',NULL,'ORANGE',0,'2025-12-01 09:24:00',480.00,6),
('鄂K00020','其他',3,3,'2025-12-01 10:20:00','113.6270,34.7590',NULL,'BLUE',0,'2025-12-01 10:25:00',78.00,1),
('京L00021','超速行驶',1,1,'2025-12-01 11:21:00','113.6271,34.7591',NULL,'BLUE',0,'2025-12-01 11:26:00',160.00,3),
('沪M00022','闯红灯',1,1,'2025-12-01 12:22:00','113.6272,34.7592',NULL,'RED',0,'2025-12-01 12:27:00',340.00,6),
('粤N00023','违法停车',2,2,'2025-12-01 13:23:00','113.6273,34.7593',NULL,'YELLOW',0,'2025-12-01 13:28:00',65.00,0),
('浙P00024','未系安全带',3,3,'2025-12-01 14:24:00','113.6274,34.7594',NULL,'BLUE',0,'2025-12-01 14:29:00',88.00,1),
('苏Q00025','酒驾',2,2,'2025-12-01 15:25:00','113.6275,34.7595',NULL,'ORANGE',0,'2025-12-01 15:30:00',1300.00,12),
('鲁R00026','无证驾驶',1,1,'2025-12-01 16:26:00','113.6276,34.7596',NULL,'ORANGE',0,'2025-12-01 16:31:00',870.00,12),
('晋S00027','逆行',3,3,'2025-12-01 17:27:00','113.6277,34.7597',NULL,'YELLOW',0,'2025-12-01 17:32:00',205.00,4),
('豫T00028','违法变道',2,2,'2025-12-01 18:28:00','113.6278,34.7598',NULL,'BLUE',0,'2025-12-01 18:33:00',115.00,2),
('川U00029','占用应急车道',1,1,'2025-12-01 19:29:00','113.6279,34.7599',NULL,'ORANGE',0,'2025-12-01 19:34:00',525.00,7),
('鄂V00030','其他',3,3,'2025-12-01 20:30:00','113.6280,34.7600',NULL,'BLUE',0,'2025-12-01 20:35:00',92.00,1),
('京A00031','超速行驶',1,1,'2025-12-01 21:31:00','113.6281,34.7601',NULL,'BLUE',0,'2025-12-01 21:36:00',142.00,3),
('沪B00032','闯红灯',1,1,'2025-12-01 22:32:00','113.6282,34.7602',NULL,'RED',0,'2025-12-01 22:37:00',360.00,6),
('粤C00033','违法停车',2,2,'2025-12-01 23:33:00','113.6283,34.7603',NULL,'YELLOW',0,'2025-12-01 23:38:00',58.00,0),
('浙D00034','未系安全带',3,3,'2025-12-02 00:34:00','113.6284,34.7604',NULL,'BLUE',0,'2025-12-02 00:39:00',99.00,1),
('苏E00035','酒驾',2,2,'2025-12-02 01:35:00','113.6285,34.7605',NULL,'ORANGE',0,'2025-12-02 01:40:00',1250.00,12),
('鲁F00036','无证驾驶',1,1,'2025-12-02 02:36:00','113.6286,34.7606',NULL,'ORANGE',0,'2025-12-02 02:41:00',880.00,12),
('晋G00037','逆行',3,3,'2025-12-02 03:37:00','113.6287,34.7607',NULL,'YELLOW',0,'2025-12-02 03:42:00',215.00,4),
('豫H00038','违法变道',2,2,'2025-12-02 04:38:00','113.6288,34.7608',NULL,'BLUE',0,'2025-12-02 04:43:00',118.00,2),
('川J00039','占用应急车道',1,1,'2025-12-02 05:39:00','113.6289,34.7609',NULL,'ORANGE',0,'2025-12-02 05:44:00',495.00,6),
('鄂K00040','其他',3,3,'2025-12-02 06:40:00','113.6290,34.7610',NULL,'BLUE',0,'2025-12-02 06:45:00',88.00,1),
('京L00041','超速行驶',1,1,'2025-12-02 07:41:00','113.6291,34.7611',NULL,'BLUE',0,'2025-12-02 07:46:00',138.00,3),
('沪M00042','闯红灯',1,1,'2025-12-02 08:42:00','113.6292,34.7612',NULL,'RED',0,'2025-12-02 08:47:00',330.00,6),
('粤N00043','违法停车',2,2,'2025-12-02 09:43:00','113.6293,34.7613',NULL,'YELLOW',0,'2025-12-02 09:48:00',62.00,0),
('浙P00044','未系安全带',3,3,'2025-12-02 10:44:00','113.6294,34.7614',NULL,'BLUE',0,'2025-12-02 10:49:00',92.00,1),
('苏Q00045','酒驾',2,2,'2025-12-02 11:45:00','113.6295,34.7615',NULL,'ORANGE',0,'2025-12-02 11:50:00',1450.00,12),
('鲁R00046','无证驾驶',1,1,'2025-12-02 12:46:00','113.6296,34.7616',NULL,'ORANGE',0,'2025-12-02 12:51:00',860.00,12),
('晋S00047','逆行',3,3,'2025-12-02 13:47:00','113.6297,34.7617',NULL,'YELLOW',0,'2025-12-02 13:52:00',208.00,4),
('豫T00048','违法变道',2,2,'2025-12-02 14:48:00','113.6298,34.7618',NULL,'BLUE',0,'2025-12-02 14:53:00',112.00,2),
('川U00049','占用应急车道',1,1,'2025-12-02 15:49:00','113.6299,34.7619',NULL,'ORANGE',0,'2025-12-02 15:54:00',532.00,7),
('鄂V00050','其他',3,3,'2025-12-02 16:50:00','113.6300,34.7620',NULL,'BLUE',0,'2025-12-02 16:55:00',90.00,1),
('京A00051','超速行驶',1,1,'2025-12-02 17:51:00','113.6301,34.7621',NULL,'BLUE',0,'2025-12-02 17:56:00',150.00,3),
('沪B00052','闯红灯',1,1,'2025-12-02 18:52:00','113.6302,34.7622',NULL,'RED',0,'2025-12-02 18:57:00',340.00,6),
('粤C00053','违法停车',2,2,'2025-12-02 19:53:00','113.6303,34.7623',NULL,'YELLOW',0,'2025-12-02 19:58:00',68.00,0),
('浙D00054','未系安全带',3,3,'2025-12-02 20:54:00','113.6304,34.7624',NULL,'BLUE',0,'2025-12-02 20:59:00',85.00,1),
('苏E00055','酒驾',2,2,'2025-12-02 21:55:00','113.6305,34.7625',NULL,'ORANGE',0,'2025-12-02 22:00:00',1550.00,12),
('鲁F00056','无证驾驶',1,1,'2025-12-02 22:56:00','113.6306,34.7626',NULL,'ORANGE',0,'2025-12-02 23:01:00',890.00,12),
('晋G00057','逆行',3,3,'2025-12-02 23:57:00','113.6307,34.7627',NULL,'YELLOW',0,'2025-12-03 00:02:00',225.00,4),
('豫H00058','违法变道',2,2,'2025-12-03 00:58:00','113.6308,34.7628',NULL,'BLUE',0,'2025-12-03 01:03:00',120.00,2),
('川J00059','占用应急车道',1,1,'2025-12-03 01:59:00','113.6309,34.7629',NULL,'ORANGE',0,'2025-12-03 02:04:00',540.00,8),
('鄂K00060','其他',3,3,'2025-12-03 02:60:00','113.6310,34.7630',NULL,'BLUE',0,'2025-12-03 02:05:00',95.00,1),
('京L00061','超速行驶',1,1,'2025-12-03 03:01:00','113.6311,34.7631',NULL,'BLUE',0,'2025-12-03 03:06:00',145.00,3),
('沪M00062','闯红灯',1,1,'2025-12-03 04:02:00','113.6312,34.7632',NULL,'RED',0,'2025-12-03 04:07:00',355.00,6),
('粤N00063','违法停车',2,2,'2025-12-03 05:03:00','113.6313,34.7633',NULL,'YELLOW',0,'2025-12-03 05:08:00',59.00,0),
('浙P00064','未系安全带',3,3,'2025-12-03 06:04:00','113.6314,34.7634',NULL,'BLUE',0,'2025-12-03 06:09:00',87.00,1),
('苏Q00065','酒驾',2,2,'2025-12-03 07:05:00','113.6315,34.7635',NULL,'ORANGE',0,'2025-12-03 07:10:00',1380.00,12),
('鲁R00066','无证驾驶',1,1,'2025-12-03 08:06:00','113.6316,34.7636',NULL,'ORANGE',0,'2025-12-03 08:11:00',870.00,12),
('晋S00067','逆行',3,3,'2025-12-03 09:07:00','113.6317,34.7637',NULL,'YELLOW',0,'2025-12-03 09:12:00',230.00,4),
('豫T00068','违法变道',2,2,'2025-12-03 10:08:00','113.6318,34.7638',NULL,'BLUE',0,'2025-12-03 10:13:00',125.00,2),
('川U00069','占用应急车道',1,1,'2025-12-03 11:09:00','113.6319,34.7639',NULL,'ORANGE',0,'2025-12-03 11:14:00',560.00,9),
('鄂V00070','其他',3,3,'2025-12-03 12:10:00','113.6320,34.7640',NULL,'BLUE',0,'2025-12-03 12:15:00',98.00,1),
('京A00071','超速行驶',1,1,'2025-12-03 13:11:00','113.6321,34.7641',NULL,'BLUE',0,'2025-12-03 13:16:00',158.00,3),
('沪B00072','闯红灯',1,1,'2025-12-03 14:12:00','113.6322,34.7642',NULL,'RED',0,'2025-12-03 14:17:00',370.00,6),
('粤C00073','违法停车',2,2,'2025-12-03 15:13:00','113.6323,34.7643',NULL,'YELLOW',0,'2025-12-03 15:18:00',66.00,0),
('浙D00074','未系安全带',3,3,'2025-12-03 16:14:00','113.6324,34.7644',NULL,'BLUE',0,'2025-12-03 16:19:00',96.00,1),
('苏E00075','酒驾',2,2,'2025-12-03 17:15:00','113.6325,34.7645',NULL,'ORANGE',0,'2025-12-03 17:20:00',1600.00,12),
('鲁F00076','无证驾驶',1,1,'2025-12-03 18:16:00','113.6326,34.7646',NULL,'ORANGE',0,'2025-12-03 18:21:00',920.00,12),
('晋G00077','逆行',3,3,'2025-12-03 19:17:00','113.6327,34.7647',NULL,'YELLOW',0,'2025-12-03 19:22:00',240.00,4),
('豫H00078','违法变道',2,2,'2025-12-03 20:18:00','113.6328,34.7648',NULL,'BLUE',0,'2025-12-03 20:23:00',130.00,2),
('川J00079','占用应急车道',1,1,'2025-12-03 21:19:00','113.6329,34.7649',NULL,'ORANGE',0,'2025-12-03 21:24:00',570.00,8),
('鄂K00080','其他',3,3,'2025-12-03 22:20:00','113.6330,34.7650',NULL,'BLUE',0,'2025-12-03 22:25:00',100.00,1),
('京L00081','超速行驶',1,1,'2025-12-03 23:21:00','113.6331,34.7651',NULL,'BLUE',0,'2025-12-03 23:26:00',170.00,3),
('沪M00082','闯红灯',1,1,'2025-12-04 00:22:00','113.6332,34.7652',NULL,'RED',0,'2025-12-04 00:27:00',380.00,6),
('粤N00083','违法停车',2,2,'2025-12-04 01:23:00','113.6333,34.7653',NULL,'YELLOW',0,'2025-12-04 01:28:00',70.00,0),
('浙P00084','未系安全带',3,3,'2025-12-04 02:24:00','113.6334,34.7654',NULL,'BLUE',0,'2025-12-04 02:29:00',89.00,1),
('苏Q00085','酒驾',2,2,'2025-12-04 03:25:00','113.6335,34.7655',NULL,'ORANGE',0,'2025-12-04 03:30:00',1350.00,12),
('鲁R00086','无证驾驶',1,1,'2025-12-04 04:26:00','113.6336,34.7656',NULL,'ORANGE',0,'2025-12-04 04:31:00',940.00,12),
('晋S00087','逆行',3,3,'2025-12-04 05:27:00','113.6337,34.7657',NULL,'YELLOW',0,'2025-12-04 05:32:00',250.00,4),
('豫T00088','违法变道',2,2,'2025-12-04 06:28:00','113.6338,34.7658',NULL,'BLUE',0,'2025-12-04 06:33:00',128.00,2),
('川U00089','占用应急车道',1,1,'2025-12-04 07:29:00','113.6339,34.7659',NULL,'ORANGE',0,'2025-12-04 07:34:00',590.00,9),
('鄂V00090','其他',3,3,'2025-12-04 08:30:00','113.6340,34.7660',NULL,'BLUE',0,'2025-12-04 08:35:00',102.00,1),
('京A00091','超速行驶',1,1,'2025-12-04 09:31:00','113.6341,34.7661',NULL,'BLUE',0,'2025-12-04 09:36:00',165.00,3),
('沪B00092','闯红灯',1,1,'2025-12-04 10:32:00','113.6342,34.7662',NULL,'RED',0,'2025-12-04 10:37:00',390.00,6),
('粤C00093','违法停车',2,2,'2025-12-04 11:33:00','113.6343,34.7663',NULL,'YELLOW',0,'2025-12-04 11:38:00',72.00,0),
('浙D00094','未系安全带',3,3,'2025-12-04 12:34:00','113.6344,34.7664',NULL,'BLUE',0,'2025-12-04 12:39:00',93.00,1),
('苏E00095','酒驾',2,2,'2025-12-04 13:35:00','113.6345,34.7665',NULL,'ORANGE',0,'2025-12-04 13:40:00',1420.00,12),
('鲁F00096','无证驾驶',1,1,'2025-12-04 14:36:00','113.6346,34.7666',NULL,'ORANGE',0,'2025-12-04 14:41:00',960.00,12),
('晋G00097','逆行',3,3,'2025-12-04 15:37:00','113.6347,34.7667',NULL,'YELLOW',0,'2025-12-04 15:42:00',260.00,4),
('豫H00098','违法变道',2,2,'2025-12-04 16:38:00','113.6348,34.7668',NULL,'BLUE',0,'2025-12-04 16:43:00',132.00,2),
('川J00099','占用应急车道',1,1,'2025-12-04 17:39:00','113.6349,34.7669',NULL,'ORANGE',0,'2025-12-04 17:44:00',600.00,10),
('鄂K00100','其他',3,3,'2025-12-04 18:40:00','113.6350,34.7670',NULL,'BLUE',0,'2025-12-04 18:45:00',105.00,1);

-- ----------------------------
-- Bulk additional generated records (300 rows), including duplicates
-- ----------------------------
INSERT INTO `traffic_violation` (plate_number, violation_type, road_id, device_id, violation_time, violation_location, violation_img, warning_level, dispose_status, create_time, fine_amount, points_deducted) VALUES
('京A12345','超速行驶',1,1,'2025-12-05 08:15:00','113.6260,34.7580',NULL,'BLUE',0,'2025-12-05 08:20:00',150.00,3),
('京A12345','超速行驶',1,1,'2025-12-10 09:20:00','113.6260,34.7580',NULL,'BLUE',0,'2025-12-10 09:25:00',200.00,4),
('京A12345','超速行驶',1,1,'2025-12-15 10:30:00','113.6260,34.7580',NULL,'BLUE',0,'2025-12-15 10:35:00',180.00,3),
('沪B54321','闯红灯',1,1,'2025-12-05 09:30:00','113.6270,34.7590',NULL,'RED',0,'2025-12-05 09:35:00',300.00,6),
('沪B54321','闯红灯',1,1,'2025-12-06 11:00:00','113.6270,34.7590',NULL,'RED',0,'2025-12-06 11:05:00',320.00,6),
('粤C67890','违法停车',2,2,'2025-11-26 14:05:00','113.6265,34.7600',NULL,'YELLOW',0,'2025-11-26 14:10:00',50.00,0),
('粤C67890','违法停车',2,2,'2025-11-27 15:10:00','113.6265,34.7600',NULL,'YELLOW',0,'2025-11-27 15:15:00',55.00,0),
('浙D23456','未系安全带',3,3,'2025-10-13 11:20:00','113.7054,34.8079',NULL,'BLUE',0,'2025-10-13 11:25:00',100.00,2),
('苏E98765','酒驾',2,2,'2025-09-04 23:45:00','113.5254,34.8579',NULL,'ORANGE',0,'2025-09-04 23:50:00',1200.00,12),
('苏E98765','酒驾',2,2,'2025-09-10 22:30:00','113.5254,34.8579',NULL,'ORANGE',0,'2025-09-10 22:35:00',1500.00,12),
('鲁F11111','无证驾驶',1,1,'2025-08-16 07:10:00','113.6554,34.7679',NULL,'ORANGE',0,'2025-08-16 07:15:00',800.00,12),
('晋G22222','逆行',3,3,'2025-07-22 16:40:00','113.7254,34.7879',NULL,'YELLOW',0,'2025-07-22 16:45:00',200.00,3),
('豫H33333','违法变道',2,2,'2025-06-12 12:00:00','113.9254,34.9579',NULL,'BLUE',0,'2025-06-12 12:05:00',100.00,2),
('川J44444','占用应急车道',1,1,'2025-05-06 18:30:00','113.6854,34.7979',NULL,'ORANGE',0,'2025-05-06 18:35:00',500.00,6),
('鄂K55555','其他',3,3,'2025-04-21 10:10:00','113.7554,34.8279',NULL,'BLUE',0,'2025-04-21 10:15:00',80.00,1),
('京L10001','超速行驶',1,1,'2025-12-11 08:05:00','113.6261,34.7581',NULL,'BLUE',0,'2025-12-11 08:10:00',130.00,3),
('京L10001','超速行驶',1,1,'2025-12-12 08:10:00','113.6261,34.7581',NULL,'BLUE',0,'2025-12-12 08:15:00',140.00,3),
('沪M10002','闯红灯',1,1,'2025-12-10 09:15:00','113.6262,34.7582',NULL,'RED',0,'2025-12-10 09:20:00',350.00,6),
('粤N10003','违法停车',2,2,'2025-11-21 14:55:00','113.6263,34.7583',NULL,'YELLOW',0,'2025-11-21 15:00:00',60.00,0),
('浙P10004','未系安全带',3,3,'2025-11-19 11:25:00','113.6264,34.7584',NULL,'BLUE',0,'2025-11-19 11:30:00',90.00,1),
('苏Q10005','酒驾',2,2,'2025-10-31 23:05:00','113.6265,34.7585',NULL,'ORANGE',0,'2025-10-31 23:10:00',1500.00,12),
('鲁R10006','无证驾驶',1,1,'2025-10-13 07:32:00','113.6266,34.7586',NULL,'ORANGE',0,'2025-10-13 07:37:00',900.00,12),
('京A00011','超速行驶',1,1,'2025-12-01 01:11:00','113.6261,34.7581',NULL,'BLUE',0,'2025-12-01 01:15:00',120.00,3),
('京A00011','超速行驶',1,1,'2025-12-02 01:11:00','113.6261,34.7581',NULL,'BLUE',0,'2025-12-02 01:15:00',125.00,3),
('京A00011','违法停车',1,1,'2025-12-03 01:11:00','113.6261,34.7581',NULL,'YELLOW',0,'2025-12-03 01:15:00',60.00,0),
('沪B00012','闯红灯',1,1,'2025-12-01 02:12:00','113.6262,34.7582',NULL,'RED',0,'2025-12-01 02:16:00',320.00,6),
('沪B00012','闯红灯',1,1,'2025-12-05 02:12:00','113.6262,34.7582',NULL,'RED',0,'2025-12-05 02:16:00',330.00,6),
('粤C00013','违法停车',2,2,'2025-12-01 03:13:00','113.6263,34.7583',NULL,'YELLOW',0,'2025-12-01 03:18:00',55.00,0),
('浙D00014','未系安全带',3,3,'2025-12-01 04:14:00','113.6264,34.7584',NULL,'BLUE',0,'2025-12-01 04:19:00',95.00,1),
('苏E00015','酒驾',2,2,'2025-12-01 05:15:00','113.6265,34.7585',NULL,'ORANGE',0,'2025-12-01 05:20:00',1400.00,12),
('鲁F00016','无证驾驶',1,1,'2025-12-01 06:16:00','113.6266,34.7586',NULL,'ORANGE',0,'2025-12-01 06:21:00',820.00,12),
('晋G00017','逆行',3,3,'2025-12-01 07:17:00','113.6267,34.7587',NULL,'YELLOW',0,'2025-12-01 07:22:00',210.00,4),
('豫H00018','违法变道',2,2,'2025-12-01 08:18:00','113.6268,34.7588',NULL,'BLUE',0,'2025-12-01 08:23:00',105.00,2),
('川J00019','占用应急车道',1,1,'2025-12-01 09:19:00','113.6269,34.7589',NULL,'ORANGE',0,'2025-12-01 09:24:00',480.00,6),
('鄂K00020','其他',3,3,'2025-12-01 10:20:00','113.6270,34.7590',NULL,'BLUE',0,'2025-12-01 10:25:00',78.00,1),
('京L00021','超速行驶',1,1,'2025-12-01 11:21:00','113.6271,34.7591',NULL,'BLUE',0,'2025-12-01 11:26:00',160.00,3),
('沪M00022','闯红灯',1,1,'2025-12-01 12:22:00','113.6272,34.7592',NULL,'RED',0,'2025-12-01 12:27:00',340.00,6),
('粤N00023','违法停车',2,2,'2025-12-01 13:23:00','113.6273,34.7593',NULL,'YELLOW',0,'2025-12-01 13:28:00',65.00,0),
('浙P00024','未系安全带',3,3,'2025-12-01 14:24:00','113.6274,34.7594',NULL,'BLUE',0,'2025-12-01 14:29:00',88.00,1),
('苏Q00025','酒驾',2,2,'2025-12-01 15:25:00','113.6275,34.7595',NULL,'ORANGE',0,'2025-12-01 15:30:00',1300.00,12),
('鲁R00026','无证驾驶',1,1,'2025-12-01 16:26:00','113.6276,34.7596',NULL,'ORANGE',0,'2025-12-01 16:31:00',870.00,12),
('晋S00027','逆行',3,3,'2025-12-01 17:27:00','113.6277,34.7597',NULL,'YELLOW',0,'2025-12-01 17:32:00',205.00,4),
('豫T00028','违法变道',2,2,'2025-12-01 18:28:00','113.6278,34.7598',NULL,'BLUE',0,'2025-12-01 18:33:00',115.00,2),
('川U00029','占用应急车道',1,1,'2025-12-01 19:29:00','113.6279,34.7599',NULL,'ORANGE',0,'2025-12-01 19:34:00',525.00,7),
('鄂V00030','其他',3,3,'2025-12-01 20:30:00','113.6280,34.7600',NULL,'BLUE',0,'2025-12-01 20:35:00',92.00,1),
('京A00031','超速行驶',1,1,'2025-12-01 21:31:00','113.6281,34.7601',NULL,'BLUE',0,'2025-12-01 21:36:00',142.00,3),
('沪B00032','闯红灯',1,1,'2025-12-01 22:32:00','113.6282,34.7602',NULL,'RED',0,'2025-12-01 22:37:00',360.00,6),
('粤C00033','违法停车',2,2,'2025-12-01 23:33:00','113.6283,34.7603',NULL,'YELLOW',0,'2025-12-01 23:38:00',58.00,0),
('浙D00034','未系安全带',3,3,'2025-12-02 00:34:00','113.6284,34.7604',NULL,'BLUE',0,'2025-12-02 00:39:00',99.00,1),
('苏E00035','酒驾',2,2,'2025-12-02 01:35:00','113.6285,34.7605',NULL,'ORANGE',0,'2025-12-02 01:40:00',1250.00,12),
('鲁F00036','无证驾驶',1,1,'2025-12-02 02:36:00','113.6286,34.7606',NULL,'ORANGE',0,'2025-12-02 02:41:00',880.00,12),
('晋G00037','逆行',3,3,'2025-12-02 03:37:00','113.6287,34.7607',NULL,'YELLOW',0,'2025-12-02 03:42:00',215.00,4),
('豫H00038','违法变道',2,2,'2025-12-02 04:38:00','113.6288,34.7608',NULL,'BLUE',0,'2025-12-02 04:43:00',118.00,2),
